page_id,page_title,database_id,database_title,url,last_edited_time
232fee61-94ad-80ee-8f9c-fc96db4833da,#1347 - Pedidos com natureza de operação orçamento sendo integrados.,3290a9e9-f0bf-4d84-bc57-aae53f635e7e,Base Unificada de Tarefas,https://www.notion.so/1347-Pedidos-com-natureza-de-opera-o-or-amento-sendo-integrados-232fee6194ad80ee8f9cfc96db4833da,2025-07-30 22:46:00+00:00
22afee61-94ad-80cf-9b91-e45395fce2ff,PRD-1972 - Cálculo de peso e cubagem em tempo de pedido,3290a9e9-f0bf-4d84-bc57-aae53f635e7e,Base Unificada de Tarefas,https://www.notion.so/PRD-1972-C-lculo-de-peso-e-cubagem-em-tempo-de-pedido-22afee6194ad80cf9b91e45395fce2ff,2025-07-30 22:45:00+00:00
23ffee61-94ad-807c-ba58-e7e7f90f6954,#1368 - Políticas de ajuste de preço não estão aplicando no app,3290a9e9-f0bf-4d84-bc57-aae53f635e7e,Base Unificada de Tarefas,https://www.notion.so/1368-Pol-ticas-de-ajuste-de-pre-o-n-o-est-o-aplicando-no-app-23ffee6194ad807cba58e7e7f90f6954,2025-07-30 21:13:00+00:00
23ffee61-94ad-8058-8e63-dcfcd3f7a0e8,#1367 - Funcionalidade Carrinho não está registrando a movimentação do Portal,3290a9e9-f0bf-4d84-bc57-aae53f635e7e,Base Unificada de Tarefas,https://www.notion.so/1367-Funcionalidade-Carrinho-n-o-est-registrando-a-movimenta-o-do-Portal-23ffee6194ad80588e63dcfcd3f7a0e8,2025-07-30 21:05:00+00:00
22cfee61-94ad-8083-b939-f5d0b9b66748,PRD-1994 - Cálculo de IPI considerando valores adicionais do frete no pedido,3290a9e9-f0bf-4d84-bc57-aae53f635e7e,Base Unificada de Tarefas,https://www.notion.so/PRD-1994-C-lculo-de-IPI-considerando-valores-adicionais-do-frete-no-pedido-22cfee6194ad8083b939f5d0b9b66748,2025-07-30 20:39:00+00:00
23efee61-94ad-8013-9faf-d7862124c703,#1366 - Não aparecem todas as variações cadastradas para uma coleção no menu do ecommerce,3290a9e9-f0bf-4d84-bc57-aae53f635e7e,Base Unificada de Tarefas,https://www.notion.so/1366-N-o-aparecem-todas-as-varia-es-cadastradas-para-uma-cole-o-no-menu-do-ecommerce-23efee6194ad80139fafd7862124c703,2025-07-30 20:16:00+00:00
161fee61-94ad-80e7-9c77-f420184185f5,PRD-1641 - Implementar Atualização de Estoque e Status do Pedido por Webhook nos ERPs,3290a9e9-f0bf-4d84-bc57-aae53f635e7e,Base Unificada de Tarefas,https://www.notion.so/PRD-1641-Implementar-Atualiza-o-de-Estoque-e-Status-do-Pedido-por-Webhook-nos-ERPs-161fee6194ad80e79c77f420184185f5,2025-07-30 18:19:00+00:00
222fee61-94ad-80a0-a1ae-fb8f7da91fd1,"#1324 - Incluir Exceção de SSL, Tempo de Espera e Limite de Retries na listagem de clientes da importação Omie.",3290a9e9-f0bf-4d84-bc57-aae53f635e7e,Base Unificada de Tarefas,https://www.notion.so/1324-Incluir-Exce-o-de-SSL-Tempo-de-Espera-e-Limite-de-Retries-na-listagem-de-clientes-da-import-222fee6194ad80a0a1aefb8f7da91fd1,2025-07-30 18:18:00+00:00
222fee61-94ad-80dd-90f7-c5c8510b1598,#1322 - Problemas no filtro de campos customizados no portal,3290a9e9-f0bf-4d84-bc57-aae53f635e7e,Base Unificada de Tarefas,https://www.notion.so/1322-Problemas-no-filtro-de-campos-customizados-no-portal-222fee6194ad80dd90f7c5c8510b1598,2025-07-30 18:15:00+00:00
240fee61-94ad-8012-b114-f0ad88894064,#1369 - PDF do pedido não está gerando no app IOS.,3290a9e9-f0bf-4d84-bc57-aae53f635e7e,Base Unificada de Tarefas,https://www.notion.so/1369-PDF-do-pedido-n-o-est-gerando-no-app-IOS-240fee6194ad8012b114f0ad88894064,2025-07-30 14:15:00+00:00
224fee61-94ad-8042-a26e-c77b8981f8a2,"PRD-1957 - Endpoints de Classes, Características e adicionar contas a receber na v2",3290a9e9-f0bf-4d84-bc57-aae53f635e7e,Base Unificada de Tarefas,https://www.notion.so/PRD-1957-Endpoints-de-Classes-Caracter-sticas-e-adicionar-contas-a-receber-na-v2-224fee6194ad8042a26ec77b8981f8a2,2025-07-30 12:35:00+00:00
23cfee61-94ad-805c-82c3-c444e3d1cd57,#1361 - Erro no cálculo do imposto ST quando é aplicado desconto no valor total do pedido,3290a9e9-f0bf-4d84-bc57-aae53f635e7e,Base Unificada de Tarefas,https://www.notion.so/1361-Erro-no-c-lculo-do-imposto-ST-quando-aplicado-desconto-no-valor-total-do-pedido-23cfee6194ad805c82c3c444e3d1cd57,2025-07-29 22:35:00+00:00
23ffee61-94ad-80b7-a871-e5b59f395c52,#1368 - Erro na importação de tabela de preço da Tiny,3290a9e9-f0bf-4d84-bc57-aae53f635e7e,Base Unificada de Tarefas,https://www.notion.so/1368-Erro-na-importa-o-de-tabela-de-pre-o-da-Tiny-23ffee6194ad80b7a871e5b59f395c52,2025-07-29 20:48:00+00:00
222fee61-94ad-803c-b659-fb451aec3b30,PRD-1941 - Incluir lógica de validade de orçamento,3290a9e9-f0bf-4d84-bc57-aae53f635e7e,Base Unificada de Tarefas,https://www.notion.so/PRD-1941-Incluir-l-gica-de-validade-de-or-amento-222fee6194ad803cb659fb451aec3b30,2025-07-29 19:03:00+00:00
22cfee61-94ad-800c-8367-ee88522b3bbc,#1342 - Parcelas automáticas não estão sendo geradas em todos os pedidos,3290a9e9-f0bf-4d84-bc57-aae53f635e7e,Base Unificada de Tarefas,https://www.notion.so/1342-Parcelas-autom-ticas-n-o-est-o-sendo-geradas-em-todos-os-pedidos-22cfee6194ad800c8367ee88522b3bbc,2025-07-29 16:35:00+00:00
23efee61-94ad-8011-a5c4-ff1e573c5cc6,#1365 - Não aparecem as quantidade alocadas às variações da coleção no menu do ecommerce,3290a9e9-f0bf-4d84-bc57-aae53f635e7e,Base Unificada de Tarefas,https://www.notion.so/1365-N-o-aparecem-as-quantidade-alocadas-s-varia-es-da-cole-o-no-menu-do-ecommerce-23efee6194ad8011a5c4ff1e573c5cc6,2025-07-29 15:21:00+00:00
23efee61-94ad-80cd-bde3-c56a61b76d73,#1364 - Filtro por campo customizado não é aplicado corretamente no ecommerce,3290a9e9-f0bf-4d84-bc57-aae53f635e7e,Base Unificada de Tarefas,https://www.notion.so/1364-Filtro-por-campo-customizado-n-o-aplicado-corretamente-no-ecommerce-23efee6194ad80cdbde3c56a61b76d73,2025-07-29 15:07:00+00:00
21cfee61-94ad-80c8-9244-c81ccc01a31c,PRD-1913 - Exportar relatório de Rotas e Visitas em XLS,3290a9e9-f0bf-4d84-bc57-aae53f635e7e,Base Unificada de Tarefas,https://www.notion.so/PRD-1913-Exportar-relat-rio-de-Rotas-e-Visitas-em-XLS-21cfee6194ad80c89244c81ccc01a31c,2025-07-29 13:37:00+00:00
1bdfee61-94ad-801f-bd42-ed9f8698dc92,PRD-1752 - Criar nova tela de integrações,3290a9e9-f0bf-4d84-bc57-aae53f635e7e,Base Unificada de Tarefas,https://www.notion.so/PRD-1752-Criar-nova-tela-de-integra-es-1bdfee6194ad801fbd42ed9f8698dc92,2025-07-28 21:24:00+00:00
239fee61-94ad-80a4-bfc5-fb83577ce24e,"#1355 - Pedido não permite alterar a forma de pagamento e nem alterar a quantidade de itens, impossibilitando a criação do pedido!",3290a9e9-f0bf-4d84-bc57-aae53f635e7e,Base Unificada de Tarefas,https://www.notion.so/1355-Pedido-n-o-permite-alterar-a-forma-de-pagamento-e-nem-alterar-a-quantidade-de-itens-impossib-239fee6194ad80a4bfc5fb83577ce24e,2025-07-28 20:52:00+00:00
23efee61-94ad-800e-aebe-e56def5e7b7e,#1363 - Opções cadastradas no “campo customizado” não aparecem no filtro no ecommerce,3290a9e9-f0bf-4d84-bc57-aae53f635e7e,Base Unificada de Tarefas,https://www.notion.so/1363-Op-es-cadastradas-no-campo-customizado-n-o-aparecem-no-filtro-no-ecommerce-23efee6194ad800eaebee56def5e7b7e,2025-07-28 18:41:00+00:00
23efee61-94ad-80b5-af74-eeb53f80060a,Erro ao criar uma nova Coleção,3290a9e9-f0bf-4d84-bc57-aae53f635e7e,Base Unificada de Tarefas,https://www.notion.so/Erro-ao-criar-uma-nova-Cole-o-23efee6194ad80b5af74eeb53f80060a,2025-07-28 17:13:00+00:00
23afee61-94ad-80be-b944-e3dfa1cb4d2b,#1359 - Estoque alocado exibe valor incorreto,3290a9e9-f0bf-4d84-bc57-aae53f635e7e,Base Unificada de Tarefas,https://www.notion.so/1359-Estoque-alocado-exibe-valor-incorreto-23afee6194ad80beb944e3dfa1cb4d2b,2025-07-28 17:10:00+00:00
23efee61-94ad-80f4-9b3f-dcc4d91f728f,Template Suporte,3290a9e9-f0bf-4d84-bc57-aae53f635e7e,Base Unificada de Tarefas,https://www.notion.so/Template-Suporte-23efee6194ad80f49b3fdcc4d91f728f,2025-07-28 15:46:00+00:00
23efee61-94ad-80fe-b720-f1283ae5cbb6,Template Suporte,3290a9e9-f0bf-4d84-bc57-aae53f635e7e,Base Unificada de Tarefas,https://www.notion.so/Template-Suporte-23efee6194ad80feb720f1283ae5cbb6,2025-07-28 15:38:00+00:00
23cfee61-94ad-80a0-b126-e2b8ef56b1a5,#1362 - Ícones do menu inferior aparecem “quebrados” no android,3290a9e9-f0bf-4d84-bc57-aae53f635e7e,Base Unificada de Tarefas,https://www.notion.so/1362-cones-do-menu-inferior-aparecem-quebrados-no-android-23cfee6194ad80a0b126e2b8ef56b1a5,2025-07-28 14:31:00+00:00
23afee61-94ad-8088-ae6a-e673e6370e4a,#1358 - Dados do dashboard não estão disponíveis para líderes de times específicos,3290a9e9-f0bf-4d84-bc57-aae53f635e7e,Base Unificada de Tarefas,https://www.notion.so/1358-Dados-do-dashboard-n-o-est-o-dispon-veis-para-l-deres-de-times-espec-ficos-23afee6194ad8088ae6ae673e6370e4a,2025-07-28 14:27:00+00:00
233fee61-94ad-8092-b3a5-d6affe8c09d0,#1350 - Ordem de exibição das variações de coleção no portal não segue padrão (alfabetica ou de cadastro),3290a9e9-f0bf-4d84-bc57-aae53f635e7e,Base Unificada de Tarefas,https://www.notion.so/1350-Ordem-de-exibi-o-das-varia-es-de-cole-o-no-portal-n-o-segue-padr-o-alfabetica-ou-de-cadas-233fee6194ad8092b3a5d6affe8c09d0,2025-07-28 13:40:00+00:00
1affee61-94ad-80a1-9139-d3fc5f240e74,"INO-1723 - Refatorar o upload de planilhas de clientes, produtos e tabelas de preço ",3290a9e9-f0bf-4d84-bc57-aae53f635e7e,Base Unificada de Tarefas,https://www.notion.so/INO-1723-Refatorar-o-upload-de-planilhas-de-clientes-produtos-e-tabelas-de-pre-o-1affee6194ad80a19139d3fc5f240e74,2025-07-28 13:05:00+00:00
21cfee61-94ad-80b9-be26-dcd20934b91f,PRD-1917 - Integrar transportadora no invoice do pedido,3290a9e9-f0bf-4d84-bc57-aae53f635e7e,Base Unificada de Tarefas,https://www.notion.so/PRD-1917-Integrar-transportadora-no-invoice-do-pedido-21cfee6194ad80b9be26dcd20934b91f,2025-07-28 08:28:00+00:00
23cfee61-94ad-803a-b67d-f90d77e0977b,Implementar Airbyte para replicação de ddos,3290a9e9-f0bf-4d84-bc57-aae53f635e7e,Base Unificada de Tarefas,https://www.notion.so/Implementar-Airbyte-para-replica-o-de-ddos-23cfee6194ad803ab67df90d77e0977b,2025-07-26 03:55:00+00:00
23bfee61-94ad-80af-a265-decbddf0776b,Template Suporte,3290a9e9-f0bf-4d84-bc57-aae53f635e7e,Base Unificada de Tarefas,https://www.notion.so/Template-Suporte-23bfee6194ad80afa265decbddf0776b,2025-07-25 18:42:00+00:00
233fee61-94ad-8069-bf4c-c2893d5e8dd0,#1349 - A flag “Exibir promoções em destaque” não está funcionando corretamente,3290a9e9-f0bf-4d84-bc57-aae53f635e7e,Base Unificada de Tarefas,https://www.notion.so/1349-A-flag-Exibir-promo-es-em-destaque-n-o-est-funcionando-corretamente-233fee6194ad8069bf4cc2893d5e8dd0,2025-07-25 18:15:00+00:00
23bfee61-94ad-8088-b9cb-e4b6858a30dc,#1360 - ID de usuário inexistente no preferredSalesPersonId do Save Client provoca erro 500 na V2,3290a9e9-f0bf-4d84-bc57-aae53f635e7e,Base Unificada de Tarefas,https://www.notion.so/1360-ID-de-usu-rio-inexistente-no-preferredSalesPersonId-do-Save-Client-provoca-erro-500-na-V2-23bfee6194ad8088b9cbe4b6858a30dc,2025-07-25 15:14:00+00:00
230fee61-94ad-8063-9362-e84ee4ba1869,"#1346 - Ao integrar um pedido, os preços unitários continuam sendo visualizados como preço de custo no ERP [Core Business]",3290a9e9-f0bf-4d84-bc57-aae53f635e7e,Base Unificada de Tarefas,https://www.notion.so/1346-Ao-integrar-um-pedido-os-pre-os-unit-rios-continuam-sendo-visualizados-como-pre-o-de-custo-n-230fee6194ad80639362e84ee4ba1869,2025-07-24 20:35:00+00:00
238fee61-94ad-8006-8207-d70edddae07a,#1352 - Não está sendo possível ativar usuário via front nem via banco                                      ,3290a9e9-f0bf-4d84-bc57-aae53f635e7e,Base Unificada de Tarefas,https://www.notion.so/1352-N-o-est-sendo-poss-vel-ativar-usu-rio-via-front-nem-via-banco-238fee6194ad80068207d70edddae07a,2025-07-24 17:57:00+00:00
239fee61-94ad-802e-9064-e36968bd8e70,#1356 - Valor diário das metas não estão respeitando a data do período determinado,3290a9e9-f0bf-4d84-bc57-aae53f635e7e,Base Unificada de Tarefas,https://www.notion.so/1356-Valor-di-rio-das-metas-n-o-est-o-respeitando-a-data-do-per-odo-determinado-239fee6194ad802e9064e36968bd8e70,2025-07-24 12:55:00+00:00
226fee61-94ad-80d8-b16c-fb0ab598ea74,PRD-1963 - [Debito Técnico] Novo front -  Logica do carregamento das politicas comerciais,3290a9e9-f0bf-4d84-bc57-aae53f635e7e,Base Unificada de Tarefas,https://www.notion.so/PRD-1963-Debito-T-cnico-Novo-front-Logica-do-carregamento-das-politicas-comerciais-226fee6194ad80d8b16cfb0ab598ea74,2025-07-24 01:03:00+00:00
23afee61-94ad-801b-a489-ecd9eacb0bf3,"PRD-2032 - [Débito Técnico] - Implementar Webhooks de Atualização nas integrações Core Business, Sankhya e Datasul",3290a9e9-f0bf-4d84-bc57-aae53f635e7e,Base Unificada de Tarefas,https://www.notion.so/PRD-2032-D-bito-T-cnico-Implementar-Webhooks-de-Atualiza-o-nas-integra-es-Core-Business-San-23afee6194ad801ba489ecd9eacb0bf3,2025-07-24 01:03:00+00:00
29772eda-9451-4bb8-8fb0-dde3b2b33d37,PRD-1444 - [Débito Técnico] Permitir atualizar a data de validade da tabela de preço por dentro do produto,3290a9e9-f0bf-4d84-bc57-aae53f635e7e,Base Unificada de Tarefas,https://www.notion.so/PRD-1444-D-bito-T-cnico-Permitir-atualizar-a-data-de-validade-da-tabela-de-pre-o-por-dentro-do-p-29772eda94514bb88fb0dde3b2b33d37,2025-07-24 01:02:00+00:00
1eafee61-94ad-8029-a03a-e66fa3ffe2fa,PRD-1823 - [Débito Técnico] Excluir categoria vinculada a um produto.,3290a9e9-f0bf-4d84-bc57-aae53f635e7e,Base Unificada de Tarefas,https://www.notion.so/PRD-1823-D-bito-T-cnico-Excluir-categoria-vinculada-a-um-produto-1eafee6194ad8029a03ae66fa3ffe2fa,2025-07-24 01:01:00+00:00
1d2fee61-94ad-8062-8e9e-c2189cd1229a,PRD-1793 - [Debito Técnico] Indicadores: Flag de clientes inativos nos indicadores ,3290a9e9-f0bf-4d84-bc57-aae53f635e7e,Base Unificada de Tarefas,https://www.notion.so/PRD-1793-Debito-T-cnico-Indicadores-Flag-de-clientes-inativos-nos-indicadores-1d2fee6194ad80628e9ec2189cd1229a,2025-07-24 01:01:00+00:00
1defee61-94ad-8097-a4e8-f273d855425b,PRD-1806 - [Debito Técnico] Implementar bloqueio de produtos sem NCM configurado,3290a9e9-f0bf-4d84-bc57-aae53f635e7e,Base Unificada de Tarefas,https://www.notion.so/PRD-1806-Debito-T-cnico-Implementar-bloqueio-de-produtos-sem-NCM-configurado-1defee6194ad8097a4e8f273d855425b,2025-07-24 01:01:00+00:00
21ffee61-94ad-8013-91b9-efa5351f8c1b,PRD-1932 - [Debito Técnico] Multiplas politicas do mesmo tipo não se aplicam no mesmo pedido,3290a9e9-f0bf-4d84-bc57-aae53f635e7e,Base Unificada de Tarefas,https://www.notion.so/PRD-1932-Debito-T-cnico-Multiplas-politicas-do-mesmo-tipo-n-o-se-aplicam-no-mesmo-pedido-21ffee6194ad801391b9efa5351f8c1b,2025-07-24 01:01:00+00:00
239fee61-94ad-8020-bd99-f8da926b7d05,PRD-2031 - Aprimorar a sincronização de produtos para o app através do uso de filtro no appSale.,3290a9e9-f0bf-4d84-bc57-aae53f635e7e,Base Unificada de Tarefas,https://www.notion.so/PRD-2031-Aprimorar-a-sincroniza-o-de-produtos-para-o-app-atrav-s-do-uso-de-filtro-no-appSale-239fee6194ad8020bd99f8da926b7d05,2025-07-23 21:55:00+00:00
239fee61-94ad-8077-8e38-faede4b2856d,"PRD-2028 - [Débito Técnico] Implementar Integração Automática na Core Business, Datasul e Sankhya",3290a9e9-f0bf-4d84-bc57-aae53f635e7e,Base Unificada de Tarefas,https://www.notion.so/PRD-2028-D-bito-T-cnico-Implementar-Integra-o-Autom-tica-na-Core-Business-Datasul-e-Sankhya-239fee6194ad80778e38faede4b2856d,2025-07-23 21:46:00+00:00
239fee61-94ad-80ba-85dc-c4ffba0433f4,PRD-2027 - [Débito Técnico] Implementar Importações de Contas a Receber e Notas Fiscais na importação de dados de ERP da V2 ,3290a9e9-f0bf-4d84-bc57-aae53f635e7e,Base Unificada de Tarefas,https://www.notion.so/PRD-2027-D-bito-T-cnico-Implementar-Importa-es-de-Contas-a-Receber-e-Notas-Fiscais-na-importa--239fee6194ad80ba85dcc4ffba0433f4,2025-07-23 21:44:00+00:00
319d8e98-f862-4b08-be00-993e7f70b8a9,Criar Página de Edição de Precificação ,3290a9e9-f0bf-4d84-bc57-aae53f635e7e,Base Unificada de Tarefas,https://www.notion.so/Criar-P-gina-de-Edi-o-de-Precifica-o-319d8e98f8624b08be00993e7f70b8a9,2025-07-23 21:41:00+00:00
22bfee61-94ad-800e-994d-dd7bff8b23ff,PRD-1987 - Importar forma de pagamento preferencial do Core Business,3290a9e9-f0bf-4d84-bc57-aae53f635e7e,Base Unificada de Tarefas,https://www.notion.so/PRD-1987-Importar-forma-de-pagamento-preferencial-do-Core-Business-22bfee6194ad800e994ddd7bff8b23ff,2025-07-23 21:40:00+00:00
211fee61-94ad-80ee-8854-cf1a21bc8be5,PRD-1895 - [Débito Técnico] Implementar comportamento de aplicação de desconto igual ao WEB para o Vendedor Líder de Time.,3290a9e9-f0bf-4d84-bc57-aae53f635e7e,Base Unificada de Tarefas,https://www.notion.so/PRD-1895-D-bito-T-cnico-Implementar-comportamento-de-aplica-o-de-desconto-igual-ao-WEB-para-o-V-211fee6194ad80ee8854cf1a21bc8be5,2025-07-23 21:39:00+00:00
234fee61-94ad-80de-99ed-ef70eda53409,#1352 - App quebrando ao tentar finalizar o pedido.,3290a9e9-f0bf-4d84-bc57-aae53f635e7e,Base Unificada de Tarefas,https://www.notion.so/1352-App-quebrando-ao-tentar-finalizar-o-pedido-234fee6194ad80de99edef70eda53409,2025-07-23 20:33:00+00:00
233fee61-94ad-801d-9e74-cb4bdbab6308,"#1350 - Valor de imposto e imagem não aparece no aplicativo, mas aparece na web",3290a9e9-f0bf-4d84-bc57-aae53f635e7e,Base Unificada de Tarefas,https://www.notion.so/1350-Valor-de-imposto-e-imagem-n-o-aparece-no-aplicativo-mas-aparece-na-web-233fee6194ad801d9e74cb4bdbab6308,2025-07-23 20:33:00+00:00
22dfee61-94ad-80b4-a7a6-c236ecfa45bc,#1344 - Produtos com variação não considera a “venda restrita ao estoque”,3290a9e9-f0bf-4d84-bc57-aae53f635e7e,Base Unificada de Tarefas,https://www.notion.so/1344-Produtos-com-varia-o-n-o-considera-a-venda-restrita-ao-estoque-22dfee6194ad80b4a7a6c236ecfa45bc,2025-07-23 20:33:00+00:00
239fee61-94ad-80cf-80b1-da59e63537f2,#1353 - PDF do app não está apresentando as informações dos itens dos pedidos,3290a9e9-f0bf-4d84-bc57-aae53f635e7e,Base Unificada de Tarefas,https://www.notion.so/1353-PDF-do-app-n-o-est-apresentando-as-informa-es-dos-itens-dos-pedidos-239fee6194ad80cf80b1da59e63537f2,2025-07-23 19:03:00+00:00
239fee61-94ad-8064-ab6a-d49042ef3acf,#1354 - Política comercial de restrição de produtos não filtrando corretamente os produtos por unidade de negócio,3290a9e9-f0bf-4d84-bc57-aae53f635e7e,Base Unificada de Tarefas,https://www.notion.so/1354-Pol-tica-comercial-de-restri-o-de-produtos-n-o-filtrando-corretamente-os-produtos-por-unidad-239fee6194ad8064ab6ad49042ef3acf,2025-07-23 18:11:00+00:00
22bfee61-94ad-8017-a502-ca7d102ee44e,PRD-1988 - Adicionar número de casas decimais no PDF do pedido,3290a9e9-f0bf-4d84-bc57-aae53f635e7e,Base Unificada de Tarefas,https://www.notion.so/PRD-1988-Adicionar-n-mero-de-casas-decimais-no-PDF-do-pedido-22bfee6194ad8017a502ca7d102ee44e,2025-07-23 13:45:00+00:00
22bfee61-94ad-80e3-996a-ca5b3e25dc23,INO-1979 - Permitir multiplos anexos no pedido,3290a9e9-f0bf-4d84-bc57-aae53f635e7e,Base Unificada de Tarefas,https://www.notion.so/INO-1979-Permitir-multiplos-anexos-no-pedido-22bfee6194ad80e3996aca5b3e25dc23,2025-07-23 13:45:00+00:00
22bfee61-94ad-8070-ae92-e835c3b059b4,INO-1982 - Transição de marca - Fase 3,3290a9e9-f0bf-4d84-bc57-aae53f635e7e,Base Unificada de Tarefas,https://www.notion.so/INO-1982-Transi-o-de-marca-Fase-3-22bfee6194ad8070ae92e835c3b059b4,2025-07-23 12:52:00+00:00
21ffee61-94ad-808b-8fcd-c5972fa93b52,#1320 - Cliente não é adicionado na política comercial da carteira do vendedor quando criado pelo App,3290a9e9-f0bf-4d84-bc57-aae53f635e7e,Base Unificada de Tarefas,https://www.notion.so/1320-Cliente-n-o-adicionado-na-pol-tica-comercial-da-carteira-do-vendedor-quando-criado-pelo-App-21ffee6194ad808b8fcdc5972fa93b52,2025-07-22 21:08:00+00:00
225fee61-94ad-80d4-8c13-f12714f745ad,#1327 - Erro no cálculo de frete para produtos que têm fator de multiplicação,3290a9e9-f0bf-4d84-bc57-aae53f635e7e,Base Unificada de Tarefas,https://www.notion.so/1327-Erro-no-c-lculo-de-frete-para-produtos-que-t-m-fator-de-multiplica-o-225fee6194ad80d48c13f12714f745ad,2025-07-22 21:08:00+00:00
230fee61-94ad-80db-876a-c6fbc8f4aad6,#1345 - Erros de integração de pedidos [Core Business],3290a9e9-f0bf-4d84-bc57-aae53f635e7e,Base Unificada de Tarefas,https://www.notion.so/1345-Erros-de-integra-o-de-pedidos-Core-Business-230fee6194ad80db876ac6fbc8f4aad6,2025-07-22 21:07:00+00:00
59ba7c70-2f6b-4540-9afa-07c4d096313d,PRD-1616 -  Modernizar Arquitetura de Integrações - BDT Hangfire,3290a9e9-f0bf-4d84-bc57-aae53f635e7e,Base Unificada de Tarefas,https://www.notion.so/PRD-1616-Modernizar-Arquitetura-de-Integra-es-BDT-Hangfire-59ba7c702f6b45409afa07c4d096313d,2025-07-22 17:26:00+00:00
206fee61-94ad-8050-86c2-fd2048a42cf4,#1280 - Campo “E-mail padrão para convite” não fica null,3290a9e9-f0bf-4d84-bc57-aae53f635e7e,Base Unificada de Tarefas,https://www.notion.so/1280-Campo-E-mail-padr-o-para-convite-n-o-fica-null-206fee6194ad805086c2fd2048a42cf4,2025-07-22 12:37:00+00:00
22bfee61-94ad-80c8-9746-ce527184f4cd,INO-1978 - Criação de CRM (versão 1),3290a9e9-f0bf-4d84-bc57-aae53f635e7e,Base Unificada de Tarefas,https://www.notion.so/INO-1978-Cria-o-de-CRM-vers-o-1-22bfee6194ad80c89746ce527184f4cd,2025-07-22 02:12:00+00:00
22dfee61-94ad-804c-a908-dc9ee039d64e,INO-2001 - Botmaker - Finalizar fluxos,3290a9e9-f0bf-4d84-bc57-aae53f635e7e,Base Unificada de Tarefas,https://www.notion.so/INO-2001-Botmaker-Finalizar-fluxos-22dfee6194ad804ca908dc9ee039d64e,2025-07-22 02:12:00+00:00
22bfee61-94ad-80f8-8d70-dcbfa05dba43,INO-1977- Atualizar a versão do back end,3290a9e9-f0bf-4d84-bc57-aae53f635e7e,Base Unificada de Tarefas,https://www.notion.so/INO-1977-Atualizar-a-vers-o-do-back-end-22bfee6194ad80f88d70dcbfa05dba43,2025-07-22 02:12:00+00:00
237fee61-94ad-80af-86a0-f57578187299,PRD-2020 - Estruturar Feature Toggle Básico,3290a9e9-f0bf-4d84-bc57-aae53f635e7e,Base Unificada de Tarefas,https://www.notion.so/PRD-2020-Estruturar-Feature-Toggle-B-sico-237fee6194ad80af86a0f57578187299,2025-07-21 21:20:00+00:00
22afee61-94ad-8044-bba6-cfb0657041a4,#1335 - Quebra de caracteres na descrição do item e sem espaçamento OMIE > ZAUB ,3290a9e9-f0bf-4d84-bc57-aae53f635e7e,Base Unificada de Tarefas,https://www.notion.so/1335-Quebra-de-caracteres-na-descri-o-do-item-e-sem-espa-amento-OMIE-ZAUB-22afee6194ad8044bba6cfb0657041a4,2025-07-21 20:50:00+00:00
231fee61-94ad-80f9-9d3b-e302bc7997d3,#1347 - Prazo de entrega para dias úteis liberando o campo de digitação de data.,3290a9e9-f0bf-4d84-bc57-aae53f635e7e,Base Unificada de Tarefas,https://www.notion.so/1347-Prazo-de-entrega-para-dias-teis-liberando-o-campo-de-digita-o-de-data-231fee6194ad80f99d3be302bc7997d3,2025-07-21 20:50:00+00:00
21cfee61-94ad-8029-8c66-f89a26cf009a,PRD-1915 - Mostrar NCM e Código de Barras na impressão do pedido,3290a9e9-f0bf-4d84-bc57-aae53f635e7e,Base Unificada de Tarefas,https://www.notion.so/PRD-1915-Mostrar-NCM-e-C-digo-de-Barras-na-impress-o-do-pedido-21cfee6194ad80298c66f89a26cf009a,2025-07-21 17:12:00+00:00
162fee61-94ad-809a-baf7-d544fd63afc0,INO-1649 - Criar MVP de Chatbot para o Portal de Compras B2B,3290a9e9-f0bf-4d84-bc57-aae53f635e7e,Base Unificada de Tarefas,https://www.notion.so/INO-1649-Criar-MVP-de-Chatbot-para-o-Portal-de-Compras-B2B-162fee6194ad809abaf7d544fd63afc0,2025-07-18 14:00:00+00:00
229fee61-94ad-8072-8ebb-fd468da2a693,#1331 - Estoque Alocado Não é Atualizado na Reabertura do Pedido ou Adição de Itens,3290a9e9-f0bf-4d84-bc57-aae53f635e7e,Base Unificada de Tarefas,https://www.notion.so/1331-Estoque-Alocado-N-o-Atualizado-na-Reabertura-do-Pedido-ou-Adi-o-de-Itens-229fee6194ad80728ebbfd468da2a693,2025-07-17 20:42:00+00:00
223fee61-94ad-804e-8910-e0b9d076d89f,#1325 - Dashboard apresentando pedidos do mês passado com o filtro mês atual ,3290a9e9-f0bf-4d84-bc57-aae53f635e7e,Base Unificada de Tarefas,https://www.notion.so/1325-Dashboard-apresentando-pedidos-do-m-s-passado-com-o-filtro-m-s-atual-223fee6194ad804e8910e0b9d076d89f,2025-07-17 20:42:00+00:00
230fee61-94ad-80a5-8e83-c7ac2182bd6a,#1334 - Não é possível gerar relatório do tipo “Comissão por item”,3290a9e9-f0bf-4d84-bc57-aae53f635e7e,Base Unificada de Tarefas,https://www.notion.so/1334-N-o-poss-vel-gerar-relat-rio-do-tipo-Comiss-o-por-item-230fee6194ad80a58e83c7ac2182bd6a,2025-07-17 20:41:00+00:00
232fee61-94ad-80b1-b1b0-ef0e4698ebcb,#1348 - Subcategoria não aparece como subtítulo no e-commerce,3290a9e9-f0bf-4d84-bc57-aae53f635e7e,Base Unificada de Tarefas,https://www.notion.so/1348-Subcategoria-n-o-aparece-como-subt-tulo-no-e-commerce-232fee6194ad80b1b1b0ef0e4698ebcb,2025-07-17 20:37:00+00:00
dd8d7d5d-bb60-466a-8609-64428444d032,Retirar ordenação das variações da grade,3290a9e9-f0bf-4d84-bc57-aae53f635e7e,Base Unificada de Tarefas,https://www.notion.so/Retirar-ordena-o-das-varia-es-da-grade-dd8d7d5dbb60466a860964428444d032,2025-07-17 19:41:00+00:00
21efee61-94ad-8000-a386-fc8b345b1307,INO-1924 Criação de política de bonificação,3290a9e9-f0bf-4d84-bc57-aae53f635e7e,Base Unificada de Tarefas,https://www.notion.so/INO-1924-Cria-o-de-pol-tica-de-bonifica-o-21efee6194ad8000a386fc8b345b1307,2025-07-17 18:59:00+00:00
d47c8add-6547-4f30-a271-d51982b1be62,#969 - Imagem está quebrando ao adicionar produto no carrinho | Web e Portal,3290a9e9-f0bf-4d84-bc57-aae53f635e7e,Base Unificada de Tarefas,https://www.notion.so/969-Imagem-est-quebrando-ao-adicionar-produto-no-carrinho-Web-e-Portal-d47c8add65474f30a271d51982b1be62,2025-07-17 17:18:00+00:00
233fee61-94ad-802f-87b7-d5e7a07bdcfc,Template Suporte,3290a9e9-f0bf-4d84-bc57-aae53f635e7e,Base Unificada de Tarefas,https://www.notion.so/Template-Suporte-233fee6194ad802f87b7d5e7a07bdcfc,2025-07-17 16:57:00+00:00
233fee61-94ad-804e-a6a7-fe8e6b3078df,#1349 - Omie | Importação de produtos não apresenta conclusão de carregamento.,3290a9e9-f0bf-4d84-bc57-aae53f635e7e,Base Unificada de Tarefas,https://www.notion.so/1349-Omie-Importa-o-de-produtos-n-o-apresenta-conclus-o-de-carregamento-233fee6194ad804ea6a7fe8e6b3078df,2025-07-17 15:30:00+00:00
229fee61-94ad-80ba-b736-e4daa11a4a3f,#1332 - Pedidos não sincronizados com clientid null,3290a9e9-f0bf-4d84-bc57-aae53f635e7e,Base Unificada de Tarefas,https://www.notion.so/1332-Pedidos-n-o-sincronizados-com-clientid-null-229fee6194ad80bab736e4daa11a4a3f,2025-07-17 15:24:00+00:00
233fee61-94ad-809b-831f-dc20759e729c,,3290a9e9-f0bf-4d84-bc57-aae53f635e7e,Base Unificada de Tarefas,https://www.notion.so/233fee6194ad809b831fdc20759e729c,2025-07-17 14:46:00+00:00
22bfee61-94ad-80d9-80c9-fda064b8054b,PRD-1981 - Criação de fluxo de aprovação de novos clientes,3290a9e9-f0bf-4d84-bc57-aae53f635e7e,Base Unificada de Tarefas,https://www.notion.so/PRD-1981-Cria-o-de-fluxo-de-aprova-o-de-novos-clientes-22bfee6194ad80d980c9fda064b8054b,2025-07-17 13:56:00+00:00
22bfee61-94ad-800b-bf45-c1d596fd0d0c,PRD-1986 - Configuração para trazer o “saldo aculmulado” de estoque no lugar do “estoque disponível até o momento”,3290a9e9-f0bf-4d84-bc57-aae53f635e7e,Base Unificada de Tarefas,https://www.notion.so/PRD-1986-Configura-o-para-trazer-o-saldo-aculmulado-de-estoque-no-lugar-do-estoque-dispon-vel--22bfee6194ad800bbf45c1d596fd0d0c,2025-07-17 13:56:00+00:00
21cfee61-94ad-8011-9358-e5361814a44d,PRD-1914 - Mostrar código EAN na impressão do pedido ,3290a9e9-f0bf-4d84-bc57-aae53f635e7e,Base Unificada de Tarefas,https://www.notion.so/PRD-1914-Mostrar-c-digo-EAN-na-impress-o-do-pedido-21cfee6194ad80119358e5361814a44d,2025-07-17 13:56:00+00:00
21cfee61-94ad-8014-aa86-c328ced82c9c,PRD-1916 - Duplicar pedidos entre dois customers Zaub Sales ,3290a9e9-f0bf-4d84-bc57-aae53f635e7e,Base Unificada de Tarefas,https://www.notion.so/PRD-1916-Duplicar-pedidos-entre-dois-customers-Zaub-Sales-21cfee6194ad8014aa86c328ced82c9c,2025-07-17 13:56:00+00:00
22bfee61-94ad-8040-83e9-f639125d695e,PRD-1985 - Liberar formas de pagamento com menos parcelas que a forma de pagamento preferencial,3290a9e9-f0bf-4d84-bc57-aae53f635e7e,Base Unificada de Tarefas,https://www.notion.so/PRD-1985-Liberar-formas-de-pagamento-com-menos-parcelas-que-a-forma-de-pagamento-preferencial-22bfee6194ad804083e9f639125d695e,2025-07-17 13:56:00+00:00
1b2fee61-94ad-802b-8f2e-f37c7322be03,PRD-1730 - Criar critério de desconto percentual por item na política de workflow,3290a9e9-f0bf-4d84-bc57-aae53f635e7e,Base Unificada de Tarefas,https://www.notion.so/PRD-1730-Criar-crit-rio-de-desconto-percentual-por-item-na-pol-tica-de-workflow-1b2fee6194ad802b8f2ef37c7322be03,2025-07-17 13:56:00+00:00
1affee61-94ad-803e-a727-e189b58f75e7,PRD-1725 - Criar tipo de cliente para comprador internacional,3290a9e9-f0bf-4d84-bc57-aae53f635e7e,Base Unificada de Tarefas,https://www.notion.so/PRD-1725-Criar-tipo-de-cliente-para-comprador-internacional-1affee6194ad803ea727e189b58f75e7,2025-07-17 13:56:00+00:00
770962b8-291d-4c18-8480-2ea908d81c5d,PRD-1666 - Integração Datasul,3290a9e9-f0bf-4d84-bc57-aae53f635e7e,Base Unificada de Tarefas,https://www.notion.so/PRD-1666-Integra-o-Datasul-770962b8291d4c1884802ea908d81c5d,2025-07-17 13:56:00+00:00
161fee61-94ad-80f6-8c82-ea71aab741ce,PRD-1644 - Aprimorar os tratamentos de Erro de Integração de Pedidos,3290a9e9-f0bf-4d84-bc57-aae53f635e7e,Base Unificada de Tarefas,https://www.notion.so/PRD-1644-Aprimorar-os-tratamentos-de-Erro-de-Integra-o-de-Pedidos-161fee6194ad80f68c82ea71aab741ce,2025-07-17 13:56:00+00:00
1b2fee61-94ad-807e-84cd-cbab09a810b5,INO-1733 - Criar modelos de filtro de relatório,3290a9e9-f0bf-4d84-bc57-aae53f635e7e,Base Unificada de Tarefas,https://www.notion.so/INO-1733-Criar-modelos-de-filtro-de-relat-rio-1b2fee6194ad807e84cdcbab09a810b5,2025-07-17 13:56:00+00:00
1b2fee61-94ad-8084-9af9-e0a6cb6a954b,INO-1731 - Incluir campo “Valor total com ajustes” no modal de descontos na Web,3290a9e9-f0bf-4d84-bc57-aae53f635e7e,Base Unificada de Tarefas,https://www.notion.so/INO-1731-Incluir-campo-Valor-total-com-ajustes-no-modal-de-descontos-na-Web-1b2fee6194ad80849af9e0a6cb6a954b,2025-07-17 13:56:00+00:00
1b2fee61-94ad-80ae-96c2-e0c3b1c51036,PRD-1728 - Separar configuração de bloqueio de desconto unitário e desconto no pedido.,3290a9e9-f0bf-4d84-bc57-aae53f635e7e,Base Unificada de Tarefas,https://www.notion.so/PRD-1728-Separar-configura-o-de-bloqueio-de-desconto-unit-rio-e-desconto-no-pedido-1b2fee6194ad80ae96c2e0c3b1c51036,2025-07-17 13:56:00+00:00
1c0fee61-94ad-808e-8556-c9a965de5bfa,PRD-1753 - Criar Opção para Ativar Cálculo de Valor do Imposto e Frete nos Relatórios de Pedidos.,3290a9e9-f0bf-4d84-bc57-aae53f635e7e,Base Unificada de Tarefas,https://www.notion.so/PRD-1753-Criar-Op-o-para-Ativar-C-lculo-de-Valor-do-Imposto-e-Frete-nos-Relat-rios-de-Pedidos-1c0fee6194ad808e8556c9a965de5bfa,2025-07-17 13:56:00+00:00
1ddfee61-94ad-80a2-870c-eac9b0a6567e,INO-1802 - Incluir campos customizados no Portal de Compras,3290a9e9-f0bf-4d84-bc57-aae53f635e7e,Base Unificada de Tarefas,https://www.notion.so/INO-1802-Incluir-campos-customizados-no-Portal-de-Compras-1ddfee6194ad80a2870ceac9b0a6567e,2025-07-17 13:56:00+00:00
161fee61-94ad-8002-95c4-c0842796e5b4,PRD-1643 - Implementar importação e integração de Produtos com Grade e Estrutura nas integrações.,3290a9e9-f0bf-4d84-bc57-aae53f635e7e,Base Unificada de Tarefas,https://www.notion.so/PRD-1643-Implementar-importa-o-e-integra-o-de-Produtos-com-Grade-e-Estrutura-nas-integra-es-161fee6194ad800295c4c0842796e5b4,2025-07-17 13:55:00+00:00
1cd32d9a-87ae-4785-b180-62e919821f90,PRD-1617 - Criar  Configurações Whitelabel no Portal de Compras,3290a9e9-f0bf-4d84-bc57-aae53f635e7e,Base Unificada de Tarefas,https://www.notion.so/PRD-1617-Criar-Configura-es-Whitelabel-no-Portal-de-Compras-1cd32d9a87ae4785b18062e919821f90,2025-07-17 13:55:00+00:00
233fee61-94ad-8075-919a-f3665e1d69c3,Desenvolver Rotina de Ingestão de dados do notion com embeddings para PgVector,3290a9e9-f0bf-4d84-bc57-aae53f635e7e,Base Unificada de Tarefas,https://www.notion.so/Desenvolver-Rotina-de-Ingest-o-de-dados-do-notion-com-embeddings-para-PgVector-233fee6194ad8075919af3665e1d69c3,2025-07-17 02:19:00+00:00
22bfee61-94ad-80b5-9066-d77685d6ec4f,INO-1980 - Criação de EDI para distribuidores,3290a9e9-f0bf-4d84-bc57-aae53f635e7e,Base Unificada de Tarefas,https://www.notion.so/INO-1980-Cria-o-de-EDI-para-distribuidores-22bfee6194ad80b59066d77685d6ec4f,2025-07-16 21:20:00+00:00
1a8fee61-94ad-80e6-8d59-fab03bad6d1b,#1192 - Importação de estoque Bling não atualizou no Bendito,3290a9e9-f0bf-4d84-bc57-aae53f635e7e,Base Unificada de Tarefas,https://www.notion.so/1192-Importa-o-de-estoque-Bling-n-o-atualizou-no-Bendito-1a8fee6194ad80e68d59fab03bad6d1b,2025-07-16 14:40:00+00:00
21dfee61-94ad-804a-abbf-fb787c01effc,#1314 - Mensagem de “Ação necessária” não sai do app Android,3290a9e9-f0bf-4d84-bc57-aae53f635e7e,Base Unificada de Tarefas,https://www.notion.so/1314-Mensagem-de-A-o-necess-ria-n-o-sai-do-app-Android-21dfee6194ad804aabbffb787c01effc,2025-07-15 13:26:00+00:00
1d0fee61-94ad-804c-aa71-eed07c1b8282,INO-1789 Mostrar quantidade de estoque disponível dentro do produto no Portal de Compras,3290a9e9-f0bf-4d84-bc57-aae53f635e7e,Base Unificada de Tarefas,https://www.notion.so/INO-1789-Mostrar-quantidade-de-estoque-dispon-vel-dentro-do-produto-no-Portal-de-Compras-1d0fee6194ad804caa71eed07c1b8282,2025-07-15 12:31:00+00:00
21ffee61-94ad-80ce-b291-d5f78e233b80,#1317 - Importação de pedidos da Bim duplicando tabelas de preço,3290a9e9-f0bf-4d84-bc57-aae53f635e7e,Base Unificada de Tarefas,https://www.notion.so/1317-Importa-o-de-pedidos-da-Bim-duplicando-tabelas-de-pre-o-21ffee6194ad80ceb291d5f78e233b80,2025-07-14 20:51:00+00:00
222fee61-94ad-8053-997b-e59b7ee96aff,#1323 - Metas aparecendo para vendedor que não está no campo “responsável” ,3290a9e9-f0bf-4d84-bc57-aae53f635e7e,Base Unificada de Tarefas,https://www.notion.so/1323-Metas-aparecendo-para-vendedor-que-n-o-est-no-campo-respons-vel-222fee6194ad8053997be59b7ee96aff,2025-07-14 20:51:00+00:00
230fee61-94ad-8099-8132-c0dbf8066b6d,#1345- ,3290a9e9-f0bf-4d84-bc57-aae53f635e7e,Base Unificada de Tarefas,https://www.notion.so/1345-230fee6194ad80998132c0dbf8066b6d,2025-07-14 18:15:00+00:00
22afee61-94ad-8096-b2db-ef9764d3c0b6,#1336 - Cadastro de cliente APP chega sem endereço e sem telefone no web,3290a9e9-f0bf-4d84-bc57-aae53f635e7e,Base Unificada de Tarefas,https://www.notion.so/1336-Cadastro-de-cliente-APP-chega-sem-endere-o-e-sem-telefone-no-web-22afee6194ad8096b2dbef9764d3c0b6,2025-07-14 14:33:00+00:00
22afee61-94ad-80b8-b498-c320ccabd32a,#1334 - Cadastro de cliente via app com estado errado não sincroniza,3290a9e9-f0bf-4d84-bc57-aae53f635e7e,Base Unificada de Tarefas,https://www.notion.so/1334-Cadastro-de-cliente-via-app-com-estado-errado-n-o-sincroniza-22afee6194ad80b8b498c320ccabd32a,2025-07-14 14:01:00+00:00
21dfee61-94ad-8046-a004-d63f13410bd4,INO-1922 Transição de Bendito Pedidos para Bendito agora é Zaub ,3290a9e9-f0bf-4d84-bc57-aae53f635e7e,Base Unificada de Tarefas,https://www.notion.so/INO-1922-Transi-o-de-Bendito-Pedidos-para-Bendito-agora-Zaub-21dfee6194ad8046a004d63f13410bd4,2025-07-14 13:04:00+00:00
22cfee61-94ad-80c1-bd55-c0d32c2b20ff,#1341 - Erro para enviar a NF - Cliente excluído da Focus,3290a9e9-f0bf-4d84-bc57-aae53f635e7e,Base Unificada de Tarefas,https://www.notion.so/1341-Erro-para-enviar-a-NF-Cliente-exclu-do-da-Focus-22cfee6194ad80c1bd55c0d32c2b20ff,2025-07-11 19:17:00+00:00
22dfee61-94ad-80cf-a18a-fe2c5ef437e1,#1343 - Razão social no modelo de email #cliente#,3290a9e9-f0bf-4d84-bc57-aae53f635e7e,Base Unificada de Tarefas,https://www.notion.so/1343-Raz-o-social-no-modelo-de-email-cliente-22dfee6194ad80cfa18afe2c5ef437e1,2025-07-11 17:05:00+00:00
22dfee61-94ad-801b-b5a4-cd2059f886e3,Adicionar Coluna “Id Bitrix”e Id asaas” na base de dados de clientes,3290a9e9-f0bf-4d84-bc57-aae53f635e7e,Base Unificada de Tarefas,https://www.notion.so/Adicionar-Coluna-Id-Bitrix-e-Id-asaas-na-base-de-dados-de-clientes-22dfee6194ad801bb5a4cd2059f886e3,2025-07-11 16:33:00+00:00
222fee61-94ad-8058-9b3b-d4946a569b5e,Desenvolver Extractor do Asaas,3290a9e9-f0bf-4d84-bc57-aae53f635e7e,Base Unificada de Tarefas,https://www.notion.so/Desenvolver-Extractor-do-Asaas-222fee6194ad80589b3bd4946a569b5e,2025-07-11 16:30:00+00:00
227fee61-94ad-8064-98e5-f6b7445aa696,Migrar valores de propriedades de ID Customer e Nome do Cliente para Clientes,3290a9e9-f0bf-4d84-bc57-aae53f635e7e,Base Unificada de Tarefas,https://www.notion.so/Migrar-valores-de-propriedades-de-ID-Customer-e-Nome-do-Cliente-para-Clientes-227fee6194ad806498e5f6b7445aa696,2025-07-11 02:23:00+00:00
227fee61-94ad-80d8-9d0f-e079ed9e0578,Consumir tabelas do Bendito-Hangfire no Zaub-Data-Integration,3290a9e9-f0bf-4d84-bc57-aae53f635e7e,Base Unificada de Tarefas,https://www.notion.so/Consumir-tabelas-do-Bendito-Hangfire-no-Zaub-Data-Integration-227fee6194ad80d89d0fe079ed9e0578,2025-07-11 02:23:00+00:00
218fee61-94ad-8000-9da8-c36842a8ccb8,#1306 - Importação é finalizada mas no modal continua informando que está em andamento,3290a9e9-f0bf-4d84-bc57-aae53f635e7e,Base Unificada de Tarefas,https://www.notion.so/1306-Importa-o-finalizada-mas-no-modal-continua-informando-que-est-em-andamento-218fee6194ad80009da8c36842a8ccb8,2025-07-10 20:46:00+00:00
21cfee61-94ad-809b-9e57-edf5ab37a462,#1312 - CoreBusiness não está retornando mensagem de erro e tag ao triplicar integração de pedido ,3290a9e9-f0bf-4d84-bc57-aae53f635e7e,Base Unificada de Tarefas,https://www.notion.so/1312-CoreBusiness-n-o-est-retornando-mensagem-de-erro-e-tag-ao-triplicar-integra-o-de-pedido-21cfee6194ad809b9e57edf5ab37a462,2025-07-10 20:45:00+00:00
21ffee61-94ad-8034-b8d3-f1d45ecf8145,#1319 - Não gera PDF do pedido quando tem dois itens específicos,3290a9e9-f0bf-4d84-bc57-aae53f635e7e,Base Unificada de Tarefas,https://www.notion.so/1319-N-o-gera-PDF-do-pedido-quando-tem-dois-itens-espec-ficos-21ffee6194ad8034b8d3f1d45ecf8145,2025-07-10 20:44:00+00:00
229fee61-94ad-805b-9716-fdf9e71139cb,1333 - Campo “duplicata” na NF está inserindo a data do dia da emissão da NF e não do vencimento da parcela do pedido,3290a9e9-f0bf-4d84-bc57-aae53f635e7e,Base Unificada de Tarefas,https://www.notion.so/1333-Campo-duplicata-na-NF-est-inserindo-a-data-do-dia-da-emiss-o-da-NF-e-n-o-do-vencimento-da--229fee6194ad805b9716fdf9e71139cb,2025-07-10 20:44:00+00:00
e87cce4f-a306-46ae-bfe0-42e779931385,PRD-1503 - Criar Valores mínimos dos pedidos por cliente.,3290a9e9-f0bf-4d84-bc57-aae53f635e7e,Base Unificada de Tarefas,https://www.notion.so/PRD-1503-Criar-Valores-m-nimos-dos-pedidos-por-cliente-e87cce4fa30646aebfe042e779931385,2025-07-10 19:05:00+00:00
1affee61-94ad-80ce-893c-f4819ddbb287,INO-1726 - Atualizar versão do React,3290a9e9-f0bf-4d84-bc57-aae53f635e7e,Base Unificada de Tarefas,https://www.notion.so/INO-1726-Atualizar-vers-o-do-React-1affee6194ad80ce893cf4819ddbb287,2025-07-10 19:04:00+00:00
2f3acf79-5044-4ec2-9f39-de8184076e0f,INO-1633 - Indicadores novos no Bendito Web e Mobile,3290a9e9-f0bf-4d84-bc57-aae53f635e7e,Base Unificada de Tarefas,https://www.notion.so/INO-1633-Indicadores-novos-no-Bendito-Web-e-Mobile-2f3acf7950444ec29f39de8184076e0f,2025-07-10 19:03:00+00:00
22bfee61-94ad-8047-9753-f3d0c50c251c,#1338 - Tela de sincronização do app fica muito tempo em “rotas” mesmo sem rota criada,3290a9e9-f0bf-4d84-bc57-aae53f635e7e,Base Unificada de Tarefas,https://www.notion.so/1338-Tela-de-sincroniza-o-do-app-fica-muito-tempo-em-rotas-mesmo-sem-rota-criada-22bfee6194ad80479753f3d0c50c251c,2025-07-10 18:43:00+00:00
22cfee61-94ad-8069-b311-cbb714e9d564,#1340 - Sumiram dados no cadastro dos clientes ,3290a9e9-f0bf-4d84-bc57-aae53f635e7e,Base Unificada de Tarefas,https://www.notion.so/1340-Sumiram-dados-no-cadastro-dos-clientes-22cfee6194ad8069b311cbb714e9d564,2025-07-10 18:28:00+00:00
161fee61-94ad-803c-866d-eed9d6b6bc48,PRD-1645 - Implementar Opção de Data Prevista do Pedido na Integração Omie,3290a9e9-f0bf-4d84-bc57-aae53f635e7e,Base Unificada de Tarefas,https://www.notion.so/PRD-1645-Implementar-Op-o-de-Data-Prevista-do-Pedido-na-Integra-o-Omie-161fee6194ad803c866deed9d6b6bc48,2025-07-10 18:17:00+00:00
1affee61-94ad-8003-b6df-ef4944700442,PRD-1724 - Bloquear criação de cliente pessoa física,3290a9e9-f0bf-4d84-bc57-aae53f635e7e,Base Unificada de Tarefas,https://www.notion.so/PRD-1724-Bloquear-cria-o-de-cliente-pessoa-f-sica-1affee6194ad8003b6dfef4944700442,2025-07-10 17:17:00+00:00
1defee61-94ad-8011-8bcc-dd0ca0df1830,PRD-1809 - Implementar prazo de entrega baseado na forma de pagamento.,3290a9e9-f0bf-4d84-bc57-aae53f635e7e,Base Unificada de Tarefas,https://www.notion.so/PRD-1809-Implementar-prazo-de-entrega-baseado-na-forma-de-pagamento-1defee6194ad80118bccdd0ca0df1830,2025-07-10 17:17:00+00:00
22bfee61-94ad-80f8-8296-dfff3963b06d,#1339 - Integração com Cia do software está dando problemas na integração de pedidos.,3290a9e9-f0bf-4d84-bc57-aae53f635e7e,Base Unificada de Tarefas,https://www.notion.so/1339-Integra-o-com-Cia-do-software-est-dando-problemas-na-integra-o-de-pedidos-22bfee6194ad80f88296dfff3963b06d,2025-07-10 00:10:00+00:00
223fee61-94ad-80d9-8d5a-ddf5d96693f5,#1326 - Campo “Regime de tributação” não importado da Bling,3290a9e9-f0bf-4d84-bc57-aae53f635e7e,Base Unificada de Tarefas,https://www.notion.so/1326-Campo-Regime-de-tributa-o-n-o-importado-da-Bling-223fee6194ad80d98d5addf5d96693f5,2025-07-09 23:47:00+00:00
751c821a-c970-4916-99f3-ed288a0461fc,Fluid - Criar Filtro de Navegação configurável no Portal,3290a9e9-f0bf-4d84-bc57-aae53f635e7e,Base Unificada de Tarefas,https://www.notion.so/Fluid-Criar-Filtro-de-Navega-o-configur-vel-no-Portal-751c821ac970491699f3ed288a0461fc,2025-07-09 17:42:00+00:00
22afee61-94ad-802d-a475-ecb892842483,#1337 - Pedidos com a natureza de operação bonificação chega na omie como venda.,3290a9e9-f0bf-4d84-bc57-aae53f635e7e,Base Unificada de Tarefas,https://www.notion.so/1337-Pedidos-com-a-natureza-de-opera-o-bonifica-o-chega-na-omie-como-venda-22afee6194ad802da475ecb892842483,2025-07-09 14:30:00+00:00
20ffee61-94ad-80d7-b300-f7bde90f9137,#1299 - NCMs duplicados por clientes causam erro de configuração de imposto e impedem inclusão de produtos no pedido.,3290a9e9-f0bf-4d84-bc57-aae53f635e7e,Base Unificada de Tarefas,https://www.notion.so/1299-NCMs-duplicados-por-clientes-causam-erro-de-configura-o-de-imposto-e-impedem-inclus-o-de-pro-20ffee6194ad80d7b300f7bde90f9137,2025-07-07 20:21:00+00:00
226fee61-94ad-804e-8127-fe03624879ef,#1330 - Relatório não puxa os dados ao ser gerado por um usuario administrador,3290a9e9-f0bf-4d84-bc57-aae53f635e7e,Base Unificada de Tarefas,https://www.notion.so/1330-Relat-rio-n-o-puxa-os-dados-ao-ser-gerado-por-um-usuario-administrador-226fee6194ad804e8127fe03624879ef,2025-07-07 14:27:00+00:00
216fee61-94ad-80a5-823f-f60e8dba836f,#1303 - Quebra politica comerical restrição de clientes,3290a9e9-f0bf-4d84-bc57-aae53f635e7e,Base Unificada de Tarefas,https://www.notion.so/1303-Quebra-politica-comerical-restri-o-de-clientes-216fee6194ad80a5823ff60e8dba836f,2025-07-07 14:24:00+00:00
222fee61-94ad-8054-8df9-f04eae742625,Atualizar Zaub Data para a Virada de Quarter Q2-Q3,3290a9e9-f0bf-4d84-bc57-aae53f635e7e,Base Unificada de Tarefas,https://www.notion.so/Atualizar-Zaub-Data-para-a-Virada-de-Quarter-Q2-Q3-222fee6194ad80548df9f04eae742625,2025-07-05 02:25:00+00:00
222fee61-94ad-80c8-872c-e7400181625d,Atualizar Cálculo do Faturamento na Customer Stats,3290a9e9-f0bf-4d84-bc57-aae53f635e7e,Base Unificada de Tarefas,https://www.notion.so/Atualizar-C-lculo-do-Faturamento-na-Customer-Stats-222fee6194ad80c8872ce7400181625d,2025-07-05 02:25:00+00:00
222fee61-94ad-80e0-ab67-c98844dddd99,Integrar Produtos da Assinatura entre Bendito e Bitrix,3290a9e9-f0bf-4d84-bc57-aae53f635e7e,Base Unificada de Tarefas,https://www.notion.so/Integrar-Produtos-da-Assinatura-entre-Bendito-e-Bitrix-222fee6194ad80e0ab67c98844dddd99,2025-07-05 02:25:00+00:00
222fee61-94ad-8018-8a74-cff6e55340a8,Limpar Clientes Ativos no Bendito que não existem no CRM,3290a9e9-f0bf-4d84-bc57-aae53f635e7e,Base Unificada de Tarefas,https://www.notion.so/Limpar-Clientes-Ativos-no-Bendito-que-n-o-existem-no-CRM-222fee6194ad80188a74cff6e55340a8,2025-07-05 02:25:00+00:00
225fee61-94ad-80b8-adad-fbebc88df30b,#1329 - Meta de positivação não sai de 0%,3290a9e9-f0bf-4d84-bc57-aae53f635e7e,Base Unificada de Tarefas,https://www.notion.so/1329-Meta-de-positiva-o-n-o-sai-de-0-225fee6194ad80b8adadfbebc88df30b,2025-07-04 20:14:00+00:00
226fee61-94ad-80e4-acfc-daa446130146,Implementar Múltiplas Integrações no Bendito,3290a9e9-f0bf-4d84-bc57-aae53f635e7e,Base Unificada de Tarefas,https://www.notion.so/Implementar-M-ltiplas-Integra-es-no-Bendito-226fee6194ad80e4acfcdaa446130146,2025-07-04 18:00:00+00:00
1b9fee61-94ad-8050-9ab7-e11bed3e6fbf,PRD-1747 - Criar configuração de ambiente para categoria de pedido de venda personalizada na integração de pedidos OMIE.,3290a9e9-f0bf-4d84-bc57-aae53f635e7e,Base Unificada de Tarefas,https://www.notion.so/PRD-1747-Criar-configura-o-de-ambiente-para-categoria-de-pedido-de-venda-personalizada-na-integra-1b9fee6194ad80509ab7e11bed3e6fbf,2025-07-04 13:18:00+00:00
21dfee61-94ad-8081-8b07-d129caf45261,#1313 - Forma de pagamento não está sendo relacionada corretamente quando o pedido é integrado [Bling e Tiny],3290a9e9-f0bf-4d84-bc57-aae53f635e7e,Base Unificada de Tarefas,https://www.notion.so/1313-Forma-de-pagamento-n-o-est-sendo-relacionada-corretamente-quando-o-pedido-integrado-Bling-21dfee6194ad80818b07d129caf45261,2025-07-03 20:45:00+00:00
21ffee61-94ad-80e7-a2e9-cf1897621f60,#1316 - Política de restrição de clientes não reflete o campo ‘vendedor preferencial’,3290a9e9-f0bf-4d84-bc57-aae53f635e7e,Base Unificada de Tarefas,https://www.notion.so/1316-Pol-tica-de-restri-o-de-clientes-n-o-reflete-o-campo-vendedor-preferencial-21ffee6194ad80e7a2e9cf1897621f60,2025-07-03 20:44:00+00:00
21ffee61-94ad-8023-9225-e28dce68d69f,#1321 - Importação de Estoques Omie está ignorando um estoque específico,3290a9e9-f0bf-4d84-bc57-aae53f635e7e,Base Unificada de Tarefas,https://www.notion.so/1321-Importa-o-de-Estoques-Omie-est-ignorando-um-estoque-espec-fico-21ffee6194ad80239225e28dce68d69f,2025-07-03 20:44:00+00:00
225fee61-94ad-80d1-a42c-e0b874eadad4,#1328 - Usuário cadastrado em duas bases é inativo em uma delas e continua conseguindo acessar via mobile,3290a9e9-f0bf-4d84-bc57-aae53f635e7e,Base Unificada de Tarefas,https://www.notion.so/1328-Usu-rio-cadastrado-em-duas-bases-inativo-em-uma-delas-e-continua-conseguindo-acessar-via-mo-225fee6194ad80d1a42ce0b874eadad4,2025-07-03 20:43:00+00:00
1ebfee61-94ad-805e-ab4f-dcd3f5b23ff3,INO-1826 [Débito Técnico] Implementar prazo de entrega baseado na forma de pagamento no mobile,3290a9e9-f0bf-4d84-bc57-aae53f635e7e,Base Unificada de Tarefas,https://www.notion.so/INO-1826-D-bito-T-cnico-Implementar-prazo-de-entrega-baseado-na-forma-de-pagamento-no-mobile-1ebfee6194ad805eab4fdcd3f5b23ff3,2025-07-02 12:58:00+00:00
21bfee61-94ad-8028-8443-fb5d89acc018,#1308 - Importar preços dos produtos de acordo com tabela na CoreBusiness,3290a9e9-f0bf-4d84-bc57-aae53f635e7e,Base Unificada de Tarefas,https://www.notion.so/1308-Importar-pre-os-dos-produtos-de-acordo-com-tabela-na-CoreBusiness-21bfee6194ad80288443fb5d89acc018,2025-07-01 18:01:00+00:00
21bfee61-94ad-80ef-a84b-e09e7931aba5,#1307 Campos customizados aparecem com escrita diferente no front do portal de compras quando é utilizado como filtro,3290a9e9-f0bf-4d84-bc57-aae53f635e7e,Base Unificada de Tarefas,https://www.notion.so/1307-Campos-customizados-aparecem-com-escrita-diferente-no-front-do-portal-de-compras-quando-utili-21bfee6194ad80efa84be09e7931aba5,2025-06-30 20:36:00+00:00
20ffee61-94ad-8007-9c8e-f22a7adbc64a,#1297 - APP Emissão de PDF fecha o aplicativo,3290a9e9-f0bf-4d84-bc57-aae53f635e7e,Base Unificada de Tarefas,https://www.notion.so/1297-APP-Emiss-o-de-PDF-fecha-o-aplicativo-20ffee6194ad80079c8ef22a7adbc64a,2025-06-30 20:36:00+00:00
222fee61-94ad-8022-bfc0-c3537fea77da,PRD-1938 - Integração Netsuite,3290a9e9-f0bf-4d84-bc57-aae53f635e7e,Base Unificada de Tarefas,https://www.notion.so/PRD-1938-Integra-o-Netsuite-222fee6194ad8022bfc0c3537fea77da,2025-06-30 16:18:00+00:00
20ffee61-94ad-8009-9eed-f3894fa35bc3,# 1298 - Comportamento teclado Android,3290a9e9-f0bf-4d84-bc57-aae53f635e7e,Base Unificada de Tarefas,https://www.notion.so/1298-Comportamento-teclado-Android-20ffee6194ad80099eedf3894fa35bc3,2025-06-30 16:05:00+00:00
21efee61-94ad-8051-a623-c1fa2d6ab345,#1315 - Erro na integração Omie,3290a9e9-f0bf-4d84-bc57-aae53f635e7e,Base Unificada de Tarefas,https://www.notion.so/1315-Erro-na-integra-o-Omie-21efee6194ad8051a623c1fa2d6ab345,2025-06-27 14:50:00+00:00
214fee61-94ad-8056-bb6d-d8c19b3dc99a,#1302 - Flag “Obrigatório informar telefone” não contabiliza contatos do tipo celular e WhatsApp,3290a9e9-f0bf-4d84-bc57-aae53f635e7e,Base Unificada de Tarefas,https://www.notion.so/1302-Flag-Obrigat-rio-informar-telefone-n-o-contabiliza-contatos-do-tipo-celular-e-WhatsApp-214fee6194ad8056bb6dd8c19b3dc99a,2025-06-26 20:38:00+00:00
21bfee61-94ad-80bf-9163-e373d183dbf6,#1310 - Estoque e preço do produto filho não aparecem no catálogo do app,3290a9e9-f0bf-4d84-bc57-aae53f635e7e,Base Unificada de Tarefas,https://www.notion.so/1310-Estoque-e-pre-o-do-produto-filho-n-o-aparecem-no-cat-logo-do-app-21bfee6194ad80bf9163e373d183dbf6,2025-06-26 15:09:00+00:00
21cfee61-94ad-80af-8a55-e03d7135d587,#1311 - App contem apenas os Status de cliente “ativo” e “inativo”,3290a9e9-f0bf-4d84-bc57-aae53f635e7e,Base Unificada de Tarefas,https://www.notion.so/1311-App-contem-apenas-os-Status-de-cliente-ativo-e-inativo-21cfee6194ad80af8a55e03d7135d587,2025-06-25 17:35:00+00:00
ec4bb8f2-4c08-4192-b659-20a29921ab24,PRD-1531 - Tags de clientes vindas da OMIE duplicando no banco ao serem importadas,3290a9e9-f0bf-4d84-bc57-aae53f635e7e,Base Unificada de Tarefas,https://www.notion.so/PRD-1531-Tags-de-clientes-vindas-da-OMIE-duplicando-no-banco-ao-serem-importadas-ec4bb8f24c084192b65920a29921ab24,2025-06-25 15:31:00+00:00
1f8fee61-94ad-8055-a60a-eac07ade48a7,Debito técnico - Adicionar campos customizados de tipo multi select no aplicativo,3290a9e9-f0bf-4d84-bc57-aae53f635e7e,Base Unificada de Tarefas,https://www.notion.so/Debito-t-cnico-Adicionar-campos-customizados-de-tipo-multi-select-no-aplicativo-1f8fee6194ad8055a60aeac07ade48a7,2025-06-25 14:07:00+00:00
208fee61-94ad-80b9-aec8-ebf1f1d4fb62,#1286 - Valor do item não parece no aplicativo ,3290a9e9-f0bf-4d84-bc57-aae53f635e7e,Base Unificada de Tarefas,https://www.notion.so/1286-Valor-do-item-n-o-parece-no-aplicativo-208fee6194ad80b9aec8ebf1f1d4fb62,2025-06-25 14:05:00+00:00
209fee61-94ad-80f9-9b71-de9714dfd038,#1289 - Erro visual APP IOS/Android,3290a9e9-f0bf-4d84-bc57-aae53f635e7e,Base Unificada de Tarefas,https://www.notion.so/1289-Erro-visual-APP-IOS-Android-209fee6194ad80f99b71de9714dfd038,2025-06-25 14:05:00+00:00
20efee61-94ad-800e-beba-f8e5ad9378cb,#1296 - APP botão de integrar some do aplicativo,3290a9e9-f0bf-4d84-bc57-aae53f635e7e,Base Unificada de Tarefas,https://www.notion.so/1296-APP-bot-o-de-integrar-some-do-aplicativo-20efee6194ad800ebebaf8e5ad9378cb,2025-06-25 14:05:00+00:00
215fee61-94ad-8056-89b3-fa15af41c1f4,INO-1900 Mostrar vídeo “Bendito agora é Zaub” no Bendito Pedidos web,3290a9e9-f0bf-4d84-bc57-aae53f635e7e,Base Unificada de Tarefas,https://www.notion.so/INO-1900-Mostrar-v-deo-Bendito-agora-Zaub-no-Bendito-Pedidos-web-215fee6194ad805689b3fa15af41c1f4,2025-06-23 21:12:00+00:00
1defee61-94ad-8089-a5f2-c23a1a7627d8,PRD-1807 - Criar status “Cortesia” para customers internos e parceiros Bendito,3290a9e9-f0bf-4d84-bc57-aae53f635e7e,Base Unificada de Tarefas,https://www.notion.so/PRD-1807-Criar-status-Cortesia-para-customers-internos-e-parceiros-Bendito-1defee6194ad8089a5f2c23a1a7627d8,2025-06-23 21:07:00+00:00
210fee61-94ad-8033-a993-d4bf5e799567,#1301 - Problema na edição de preço de variações pelo modal de editar tabela de preço livre,3290a9e9-f0bf-4d84-bc57-aae53f635e7e,Base Unificada de Tarefas,https://www.notion.so/1301-Problema-na-edi-o-de-pre-o-de-varia-es-pelo-modal-de-editar-tabela-de-pre-o-livre-210fee6194ad8033a993d4bf5e799567,2025-06-23 21:06:00+00:00
203fee61-94ad-8054-9d14-f6ff16168bb8,#1274 - Estoque alocado não desconta após integrar pedido,3290a9e9-f0bf-4d84-bc57-aae53f635e7e,Base Unificada de Tarefas,https://www.notion.so/1274-Estoque-alocado-n-o-desconta-ap-s-integrar-pedido-203fee6194ad80549d14f6ff16168bb8,2025-06-23 21:06:00+00:00
206fee61-94ad-8003-abfe-f2f275c6defb,#1283 Cliente com status “suspenso” no cs consegue fazer pedido,3290a9e9-f0bf-4d84-bc57-aae53f635e7e,Base Unificada de Tarefas,https://www.notion.so/1283-Cliente-com-status-suspenso-no-cs-consegue-fazer-pedido-206fee6194ad8003abfef2f275c6defb,2025-06-23 20:53:00+00:00
7dfc547e-e8d0-475e-a83d-ba2a26c95f46,#934 - Não é possível integrar formas de pagamento do pedido na Tiny,3290a9e9-f0bf-4d84-bc57-aae53f635e7e,Base Unificada de Tarefas,https://www.notion.so/934-N-o-poss-vel-integrar-formas-de-pagamento-do-pedido-na-Tiny-7dfc547ee8d0475ea83dba2a26c95f46,2025-06-23 17:07:00+00:00
214fee61-94ad-80eb-bdcb-c877c09f2580,PRD-1898 - Exibir versão do app no menu e identificar ambiente de staging,3290a9e9-f0bf-4d84-bc57-aae53f635e7e,Base Unificada de Tarefas,https://www.notion.so/PRD-1898-Exibir-vers-o-do-app-no-menu-e-identificar-ambiente-de-staging-214fee6194ad80ebbdcbc877c09f2580,2025-06-23 16:19:00+00:00
f47b2ec6-a10c-48cd-8957-34079f9552f2,#1132 - É possível desconsiderar o valor mínimo do produto ao utilizar descontos do pedido,3290a9e9-f0bf-4d84-bc57-aae53f635e7e,Base Unificada de Tarefas,https://www.notion.so/1132-poss-vel-desconsiderar-o-valor-m-nimo-do-produto-ao-utilizar-descontos-do-pedido-f47b2ec6a10c48cd895734079f9552f2,2025-06-23 13:34:00+00:00
216fee61-94ad-8081-8b4e-e60877776be3,#1304 Política Comercial de desconto no item não foi aplicada,3290a9e9-f0bf-4d84-bc57-aae53f635e7e,Base Unificada de Tarefas,https://www.notion.so/1304-Pol-tica-Comercial-de-desconto-no-item-n-o-foi-aplicada-216fee6194ad80818b4ee60877776be3,2025-06-20 14:51:00+00:00
1e0fee61-94ad-80c7-aeeb-da1716219072,PRD-1812 - Criar Endpoints de Product Pricing na V2,3290a9e9-f0bf-4d84-bc57-aae53f635e7e,Base Unificada de Tarefas,https://www.notion.so/PRD-1812-Criar-Endpoints-de-Product-Pricing-na-V2-1e0fee6194ad80c7aeebda1716219072,2025-06-19 04:07:00+00:00
1fbfee61-94ad-8038-815e-edc0a128cb38,#1266 - Ignorar campos customizados de tipo multi select no aplicativo,3290a9e9-f0bf-4d84-bc57-aae53f635e7e,Base Unificada de Tarefas,https://www.notion.so/1266-Ignorar-campos-customizados-de-tipo-multi-select-no-aplicativo-1fbfee6194ad8038815eedc0a128cb38,2025-06-19 03:52:00+00:00
207fee61-94ad-8096-a569-c19730970a10,#1290 - Erro na importação de produtos e clientes [Core Business],3290a9e9-f0bf-4d84-bc57-aae53f635e7e,Base Unificada de Tarefas,https://www.notion.so/1290-Erro-na-importa-o-de-produtos-e-clientes-Core-Business-207fee6194ad8096a569c19730970a10,2025-06-17 20:29:00+00:00
208fee61-94ad-8076-bafd-c0e5a20d4c27,#1284 - Solicitando Telefone e IE no cadastro do portal via link,3290a9e9-f0bf-4d84-bc57-aae53f635e7e,Base Unificada de Tarefas,https://www.notion.so/1284-Solicitando-Telefone-e-IE-no-cadastro-do-portal-via-link-208fee6194ad8076bafdc0e5a20d4c27,2025-06-17 20:28:00+00:00
208fee61-94ad-807a-baeb-d63ecc268f15,#1287 - Importação Omie não traz tag de clientes após a primeira importação,3290a9e9-f0bf-4d84-bc57-aae53f635e7e,Base Unificada de Tarefas,https://www.notion.so/1287-Importa-o-Omie-n-o-traz-tag-de-clientes-ap-s-a-primeira-importa-o-208fee6194ad807abaebd63ecc268f15,2025-06-17 20:28:00+00:00
208fee61-94ad-80ef-ba20-d3d76ed98690,#1288 - Usuário inativo não aparece de opção no filtro do relatório,3290a9e9-f0bf-4d84-bc57-aae53f635e7e,Base Unificada de Tarefas,https://www.notion.so/1288-Usu-rio-inativo-n-o-aparece-de-op-o-no-filtro-do-relat-rio-208fee6194ad80efba20d3d76ed98690,2025-06-17 20:27:00+00:00
6135db2e-5c77-4ee9-a310-df6a33084eba,#1172 - App - Campos de impressão não saem com a desmarcação na configuração de ambiente,3290a9e9-f0bf-4d84-bc57-aae53f635e7e,Base Unificada de Tarefas,https://www.notion.so/1172-App-Campos-de-impress-o-n-o-saem-com-a-desmarca-o-na-configura-o-de-ambiente-6135db2e5c774ee9a310df6a33084eba,2025-06-14 21:05:00+00:00
a4a07020-7fd0-426b-8fe8-5aa82818eeb8,#1045 - Tela de login Portal de Compras não alterou a cor conforme paleta de cores ,3290a9e9-f0bf-4d84-bc57-aae53f635e7e,Base Unificada de Tarefas,https://www.notion.so/1045-Tela-de-login-Portal-de-Compras-n-o-alterou-a-cor-conforme-paleta-de-cores-a4a070207fd0426b8fe85aa82818eeb8,2025-06-14 21:05:00+00:00
1d7fee61-94ad-8091-b533-e9db0283872c,PRD-1800 - Criar Critério de “Ajuste de Preço (%)” (Agora Variação Efetiva(%)),3290a9e9-f0bf-4d84-bc57-aae53f635e7e,Base Unificada de Tarefas,https://www.notion.so/PRD-1800-Criar-Crit-rio-de-Ajuste-de-Pre-o-Agora-Varia-o-Efetiva-1d7fee6194ad8091b533e9db0283872c,2025-06-13 23:52:00+00:00
206fee61-94ad-8093-b286-e9a06cce239a,Débito Técnico - Criar Critério Ajuste de Preço (%) na política comercial de workflow no Mobile,3290a9e9-f0bf-4d84-bc57-aae53f635e7e,Base Unificada de Tarefas,https://www.notion.so/D-bito-T-cnico-Criar-Crit-rio-Ajuste-de-Pre-o-na-pol-tica-comercial-de-workflow-no-Mobile-206fee6194ad8093b286e9a06cce239a,2025-06-13 17:42:00+00:00
8e2a885e-8806-434a-838f-fe9c0d5c22e5,#1017 - Erro na reserva de estoque ao alterar quantidade e natureza do pedido,3290a9e9-f0bf-4d84-bc57-aae53f635e7e,Base Unificada de Tarefas,https://www.notion.so/1017-Erro-na-reserva-de-estoque-ao-alterar-quantidade-e-natureza-do-pedido-8e2a885e8806434a838ffe9c0d5c22e5,2025-06-13 12:11:00+00:00
55a3b703-55f6-417e-b0fb-e9421bdf19be,#982 - WEB | Estoque alocando ao editar orçamentos,3290a9e9-f0bf-4d84-bc57-aae53f635e7e,Base Unificada de Tarefas,https://www.notion.so/982-WEB-Estoque-alocando-ao-editar-or-amentos-55a3b70355f6417eb0fbe9421bdf19be,2025-06-13 11:35:00+00:00
1fffee61-94ad-8057-b064-ec7c5fcee603,#1268 - Importação de Clientes Bling: Remover Mapping do campo Forma de Pagamento Preferencial.,3290a9e9-f0bf-4d84-bc57-aae53f635e7e,Base Unificada de Tarefas,https://www.notion.so/1268-Importa-o-de-Clientes-Bling-Remover-Mapping-do-campo-Forma-de-Pagamento-Preferencial-1fffee6194ad8057b064ec7c5fcee603,2025-06-12 20:54:00+00:00
1fffee61-94ad-803a-af84-c7902998cc35,#1270 - Unidade de medida importada da Bling não corresponde a unidade cadastrada no Bendito,3290a9e9-f0bf-4d84-bc57-aae53f635e7e,Base Unificada de Tarefas,https://www.notion.so/1270-Unidade-de-medida-importada-da-Bling-n-o-corresponde-a-unidade-cadastrada-no-Bendito-1fffee6194ad803aaf84c7902998cc35,2025-06-12 20:53:00+00:00
203fee61-94ad-80cb-9f44-c5094448552c,#1276 Cadastro de buyer Portal de Compras retorna erro “Hash inválido”,3290a9e9-f0bf-4d84-bc57-aae53f635e7e,Base Unificada de Tarefas,https://www.notion.so/1276-Cadastro-de-buyer-Portal-de-Compras-retorna-erro-Hash-inv-lido-O-preenchimento-dos-campos-pre-203fee6194ad80cb9f44c5094448552c,2025-06-12 20:53:00+00:00
206fee61-94ad-8051-820c-d8b79b4e8165,#1282 Tipo de desconto associado a forma de pagamento não foi aplicado no pedido,3290a9e9-f0bf-4d84-bc57-aae53f635e7e,Base Unificada de Tarefas,https://www.notion.so/1282-Tipo-de-desconto-associado-a-forma-de-pagamento-n-o-foi-aplicado-no-pedido-206fee6194ad8051820cd8b79b4e8165,2025-06-12 20:52:00+00:00
208fee61-94ad-8081-bb2b-dffdcf5802c0,#1284 Tabela de preço do pedido é alterada após escolha do cliente,3290a9e9-f0bf-4d84-bc57-aae53f635e7e,Base Unificada de Tarefas,https://www.notion.so/1284-Tabela-de-pre-o-do-pedido-alterada-ap-s-escolha-do-cliente-208fee6194ad8081bb2bdffdcf5802c0,2025-06-12 20:50:00+00:00
20afee61-94ad-8092-a20b-caf461a40945,#1292 - Atualizar preços conforme tabela não aplica em produtos com grade,3290a9e9-f0bf-4d84-bc57-aae53f635e7e,Base Unificada de Tarefas,https://www.notion.so/1292-Atualizar-pre-os-conforme-tabela-n-o-aplica-em-produtos-com-grade-20afee6194ad8092a20bcaf461a40945,2025-06-12 20:50:00+00:00
202fee61-94ad-8014-be84-e16d84fafb20,#1272 - Falha ao realizar importação de pedidos BIM,3290a9e9-f0bf-4d84-bc57-aae53f635e7e,Base Unificada de Tarefas,https://www.notion.so/1272-Falha-ao-realizar-importa-o-de-pedidos-BIM-202fee6194ad8014be84e16d84fafb20,2025-06-12 20:48:00+00:00
208fee61-94ad-807d-b99a-d42c969c1ec4,#1285 - Não está sendo possível cadastrar PF no portal,3290a9e9-f0bf-4d84-bc57-aae53f635e7e,Base Unificada de Tarefas,https://www.notion.so/1285-N-o-est-sendo-poss-vel-cadastrar-PF-no-portal-208fee6194ad807db99ad42c969c1ec4,2025-06-12 16:03:00+00:00
203fee61-94ad-80df-8460-ce7970d272c8,#1277 - Critério “Estado” da política comercial de frete não funciona para mais de um estado selecionado.,3290a9e9-f0bf-4d84-bc57-aae53f635e7e,Base Unificada de Tarefas,https://www.notion.so/1277-Crit-rio-Estado-da-pol-tica-comercial-de-frete-n-o-funciona-para-mais-de-um-estado-selecion-203fee6194ad80df8460ce7970d272c8,2025-06-10 23:02:00+00:00
203fee61-94ad-806f-8362-d37aa6b5b974,#1278 - Horário errado no relatório “Histórico de Movimentação de Saldo” 3h+,3290a9e9-f0bf-4d84-bc57-aae53f635e7e,Base Unificada de Tarefas,https://www.notion.so/1278-Hor-rio-errado-no-relat-rio-Hist-rico-de-Movimenta-o-de-Saldo-3h-203fee6194ad806f8362d37aa6b5b974,2025-06-10 23:02:00+00:00
20afee61-94ad-8067-bb56-cc6f08936c5a,#1291 - Politica comercial de desconto por item não aplica desconto,3290a9e9-f0bf-4d84-bc57-aae53f635e7e,Base Unificada de Tarefas,https://www.notion.so/1291-Politica-comercial-de-desconto-por-item-n-o-aplica-desconto-20afee6194ad8067bb56cc6f08936c5a,2025-06-10 23:02:00+00:00
202fee61-94ad-8084-a093-ffdd447771dd,#1273 - Corrigir texto da definição do estoque alocado,3290a9e9-f0bf-4d84-bc57-aae53f635e7e,Base Unificada de Tarefas,https://www.notion.so/1273-Corrigir-texto-da-defini-o-do-estoque-alocado-202fee6194ad8084a093ffdd447771dd,2025-06-10 23:01:00+00:00
209fee61-94ad-803f-960e-d6f288f055ac,#1290 Produto que não possui cadastro na tabela de preço selecionada no início do pedido aparece para inclusão no pedido,3290a9e9-f0bf-4d84-bc57-aae53f635e7e,Base Unificada de Tarefas,https://www.notion.so/1290-Produto-que-n-o-possui-cadastro-na-tabela-de-pre-o-selecionada-no-in-cio-do-pedido-aparece-para-209fee6194ad803f960ed6f288f055ac,2025-06-10 23:01:00+00:00
20dfee61-94ad-80ae-95d5-e79d4eb0d8f3,#1295 - Desconto não está aplicando unitariamente nem geral no pedido,3290a9e9-f0bf-4d84-bc57-aae53f635e7e,Base Unificada de Tarefas,https://www.notion.so/1295-Desconto-n-o-est-aplicando-unitariamente-nem-geral-no-pedido-20dfee6194ad80ae95d5e79d4eb0d8f3,2025-06-10 20:34:00+00:00
20dfee61-94ad-80a9-a479-da12765e1bd7,"#1294 - Mensagem de “Limite de desconto da tabela de preço excedido! Porcentagem Limite: 0%” ao finalizar pedido, mesmo com a tabela sem limite de desconto atribuído",3290a9e9-f0bf-4d84-bc57-aae53f635e7e,Base Unificada de Tarefas,https://www.notion.so/1294-Mensagem-de-Limite-de-desconto-da-tabela-de-pre-o-excedido-Porcentagem-Limite-0-ao-final-20dfee6194ad80a9a479da12765e1bd7,2025-06-10 20:32:00+00:00
20dfee61-94ad-802c-a306-e3ba23a652fc,Políticas Comerciais - Restringir o uso de Políticas comerciais de desconto quando o módo de cálculo do ambiente não permitir.,3290a9e9-f0bf-4d84-bc57-aae53f635e7e,Base Unificada de Tarefas,https://www.notion.so/Pol-ticas-Comerciais-Restringir-o-uso-de-Pol-ticas-comerciais-de-desconto-quando-o-m-do-de-c-lculo-20dfee6194ad802ca306e3ba23a652fc,2025-06-09 21:54:00+00:00
20dfee61-94ad-8083-9152-e0c7978ef393,#1230 - Permissão de cadastrado de usuários a mais que o liberado em CS,3290a9e9-f0bf-4d84-bc57-aae53f635e7e,Base Unificada de Tarefas,https://www.notion.so/1230-Permiss-o-de-cadastrado-de-usu-rios-a-mais-que-o-liberado-em-CS-20dfee6194ad80839152e0c7978ef393,2025-06-09 21:54:00+00:00
1f5fee61-94ad-8000-84fa-d916c3ae7a78,#1261 - Tabela de preço padrão para novos pedidos no Portal de Compras permanece após primeira compra realizada,3290a9e9-f0bf-4d84-bc57-aae53f635e7e,Base Unificada de Tarefas,https://www.notion.so/1261-Tabela-de-pre-o-padr-o-para-novos-pedidos-no-Portal-de-Compras-permanece-ap-s-primeira-compra-1f5fee6194ad800084fad916c3ae7a78,2025-06-05 20:36:00+00:00
1fafee61-94ad-806e-a91c-eefb07113f33,#1264 - Os clientes sem pedidos no Excel do Dashboard estão aparecendo em um período maior do que o estipulado no filtro.,3290a9e9-f0bf-4d84-bc57-aae53f635e7e,Base Unificada de Tarefas,https://www.notion.so/1264-Os-clientes-sem-pedidos-no-Excel-do-Dashboard-est-o-aparecendo-em-um-per-odo-maior-do-que-o-e-1fafee6194ad806ea91ceefb07113f33,2025-06-05 20:35:00+00:00
1b9fee61-94ad-80e4-944e-c46b1875ac70,Alteração de Status do Pedido,e508b1c6-1bef-41ac-94d5-e48abfe61ebe,Bendito Blueprint,https://www.notion.so/Altera-o-de-Status-do-Pedido-1b9fee6194ad80e4944ec46b1875ac70,2025-04-08 18:32:00+00:00
18afee61-94ad-8060-aa10-c2de97a4d0d6,Informações Financeiras,e508b1c6-1bef-41ac-94d5-e48abfe61ebe,Bendito Blueprint,https://www.notion.so/Informa-es-Financeiras-18afee6194ad8060aa10c2de97a4d0d6,2025-04-17 18:47:00+00:00
17dfee61-94ad-80ac-b30b-f7649fae4cc3,Metas,e508b1c6-1bef-41ac-94d5-e48abfe61ebe,Bendito Blueprint,https://www.notion.so/Metas-17dfee6194ad80acb30bf7649fae4cc3,2025-07-18 18:59:00+00:00
112fee61-94ad-80b8-91a7-d601cc5eb54d,Usuários,e508b1c6-1bef-41ac-94d5-e48abfe61ebe,Bendito Blueprint,https://www.notion.so/Usu-rios-112fee6194ad80b891a7d601cc5eb54d,2025-04-28 19:36:00+00:00
112fee61-94ad-80ef-8401-c247188776e8,Meu Perfil,e508b1c6-1bef-41ac-94d5-e48abfe61ebe,Bendito Blueprint,https://www.notion.so/Meu-Perfil-112fee6194ad80ef8401c247188776e8,2025-04-30 18:04:00+00:00
112fee61-94ad-8078-96dc-ecab7a2f92c7,Campos Customizados,e508b1c6-1bef-41ac-94d5-e48abfe61ebe,Bendito Blueprint,https://www.notion.so/Campos-Customizados-112fee6194ad807896dcecab7a2f92c7,2025-06-27 22:37:00+00:00
6daef92f-156e-4902-b2e5-c16a866a1259,Depósitos,e508b1c6-1bef-41ac-94d5-e48abfe61ebe,Bendito Blueprint,https://www.notion.so/Dep-sitos-6daef92f156e4902b2e5c16a866a1259,2025-07-16 14:45:00+00:00
112fee61-94ad-801d-9868-c2690d1c5569,Grupos Customizados,e508b1c6-1bef-41ac-94d5-e48abfe61ebe,Bendito Blueprint,https://www.notion.so/Grupos-Customizados-112fee6194ad801d9868c2690d1c5569,2025-04-17 12:02:00+00:00
112fee61-94ad-808c-973f-c5fce9f8bd57,Tabelas de Preço,e508b1c6-1bef-41ac-94d5-e48abfe61ebe,Bendito Blueprint,https://www.notion.so/Tabelas-de-Pre-o-112fee6194ad808c973fc5fce9f8bd57,2025-05-06 14:33:00+00:00
112fee61-94ad-8001-aa08-d6d7908560c5,Formas de Pagamento,e508b1c6-1bef-41ac-94d5-e48abfe61ebe,Bendito Blueprint,https://www.notion.so/Formas-de-Pagamento-112fee6194ad8001aa08d6d7908560c5,2025-04-23 19:17:00+00:00
112fee61-94ad-8030-9a76-df9877847103,Prazos de Entrega,e508b1c6-1bef-41ac-94d5-e48abfe61ebe,Bendito Blueprint,https://www.notion.so/Prazos-de-Entrega-112fee6194ad80309a76df9877847103,2025-02-18 17:16:00+00:00
112fee61-94ad-80bf-961a-c180e2c0a619,Dashboard,e508b1c6-1bef-41ac-94d5-e48abfe61ebe,Bendito Blueprint,https://www.notion.so/Dashboard-112fee6194ad80bf961ac180e2c0a619,2025-07-21 20:20:00+00:00
f6870945-0003-4661-bec0-17577ee5d5df,Glossário,e508b1c6-1bef-41ac-94d5-e48abfe61ebe,Bendito Blueprint,https://www.notion.so/Gloss-rio-f687094500034661bec017577ee5d5df,2025-05-16 12:48:00+00:00
112fee61-94ad-8044-b40a-e9b8d740a694,Rotas e Visitas,e508b1c6-1bef-41ac-94d5-e48abfe61ebe,Bendito Blueprint,https://www.notion.so/Rotas-e-Visitas-112fee6194ad8044b40ae9b8d740a694,2025-07-24 13:54:00+00:00
ff3b3520-e383-40d7-a11d-60b228e6d319,Integrações,e508b1c6-1bef-41ac-94d5-e48abfe61ebe,Bendito Blueprint,https://www.notion.so/Integra-es-ff3b3520e38340d7a11d60b228e6d319,2025-07-29 19:06:00+00:00
